unnormalized	normalized
sample_0000000.ut	sample_0000000.nt
sample_0000001.ut	sample_0000001.nt
sample_0000002.ut	sample_0000002.nt
sample_0000003.ut	sample_0000003.nt
sample_0000004.ut	sample_0000004.nt
sample_0000005.ut	sample_0000005.nt
sample_0000006.ut	sample_0000006.nt
sample_0000007.ut	sample_0000007.nt
sample_0000008.ut	sample_0000008.nt
sample_0000009.ut	sample_0000009.nt
sample_0000010.ut	sample_0000010.nt
sample_0000011.ut	sample_0000011.nt
sample_0000012.ut	sample_0000012.nt
sample_0000013.ut	sample_0000013.nt
sample_0000014.ut	sample_0000014.nt
sample_0000015.ut	sample_0000015.nt
sample_0000016.ut	sample_0000016.nt
sample_0000017.ut	sample_0000017.nt
sample_0000018.ut	sample_0000018.nt
sample_0000019.ut	sample_0000019.nt
sample_0000020.ut	sample_0000020.nt
sample_0000021.ut	sample_0000021.nt
sample_0000022.ut	sample_0000022.nt
sample_0000023.ut	sample_0000023.nt
sample_0000024.ut	sample_0000024.nt
sample_0000025.ut	sample_0000025.nt
sample_0000026.ut	sample_0000026.nt
sample_0000027.ut	sample_0000027.nt
sample_0000028.ut	sample_0000028.nt
sample_0000029.ut	sample_0000029.nt
sample_0000030.ut	sample_0000030.nt
sample_0000031.ut	sample_0000031.nt
sample_0000032.ut	sample_0000032.nt
sample_0000033.ut	sample_0000033.nt
sample_0000034.ut	sample_0000034.nt
sample_0000035.ut	sample_0000035.nt
sample_0000036.ut	sample_0000036.nt
sample_0000037.ut	sample_0000037.nt
sample_0000038.ut	sample_0000038.nt
sample_0000039.ut	sample_0000039.nt
sample_0000040.ut	sample_0000040.nt
sample_0000041.ut	sample_0000041.nt
sample_0000042.ut	sample_0000042.nt
sample_0000043.ut	sample_0000043.nt
sample_0000044.ut	sample_0000044.nt
sample_0000045.ut	sample_0000045.nt
sample_0000046.ut	sample_0000046.nt
sample_0000047.ut	sample_0000047.nt
sample_0000048.ut	sample_0000048.nt
sample_0000049.ut	sample_0000049.nt
sample_0000050.ut	sample_0000050.nt
sample_0000051.ut	sample_0000051.nt
sample_0000052.ut	sample_0000052.nt
sample_0000053.ut	sample_0000053.nt
sample_0000054.ut	sample_0000054.nt
sample_0000055.ut	sample_0000055.nt
sample_0000056.ut	sample_0000056.nt
sample_0000057.ut	sample_0000057.nt
sample_0000058.ut	sample_0000058.nt
sample_0000059.ut	sample_0000059.nt
sample_0000060.ut	sample_0000060.nt
sample_0000061.ut	sample_0000061.nt
sample_0000062.ut	sample_0000062.nt
sample_0000063.ut	sample_0000063.nt
sample_0000064.ut	sample_0000064.nt
sample_0000065.ut	sample_0000065.nt
sample_0000066.ut	sample_0000066.nt
sample_0000067.ut	sample_0000067.nt
sample_0000068.ut	sample_0000068.nt
sample_0000069.ut	sample_0000069.nt
sample_0000070.ut	sample_0000070.nt
sample_0000071.ut	sample_0000071.nt
sample_0000072.ut	sample_0000072.nt
sample_0000073.ut	sample_0000073.nt
sample_0000074.ut	sample_0000074.nt
sample_0000075.ut	sample_0000075.nt
sample_0000076.ut	sample_0000076.nt
sample_0000077.ut	sample_0000077.nt
sample_0000078.ut	sample_0000078.nt
sample_0000079.ut	sample_0000079.nt
sample_0000080.ut	sample_0000080.nt
sample_0000081.ut	sample_0000081.nt
sample_0000082.ut	sample_0000082.nt
sample_0000083.ut	sample_0000083.nt
sample_0000084.ut	sample_0000084.nt
sample_0000085.ut	sample_0000085.nt
sample_0000086.ut	sample_0000086.nt
sample_0000087.ut	sample_0000087.nt
sample_0000088.ut	sample_0000088.nt
sample_0000089.ut	sample_0000089.nt
sample_0000090.ut	sample_0000090.nt
sample_0000091.ut	sample_0000091.nt
sample_0000092.ut	sample_0000092.nt
sample_0000093.ut	sample_0000093.nt
sample_0000094.ut	sample_0000094.nt
sample_0000095.ut	sample_0000095.nt
sample_0000096.ut	sample_0000096.nt
sample_0000097.ut	sample_0000097.nt
sample_0000098.ut	sample_0000098.nt
sample_0000099.ut	sample_0000099.nt
sample_0000100.ut	sample_0000100.nt
sample_0000101.ut	sample_0000101.nt
sample_0000102.ut	sample_0000102.nt
sample_0000103.ut	sample_0000103.nt
sample_0000104.ut	sample_0000104.nt
sample_0000105.ut	sample_0000105.nt
sample_0000106.ut	sample_0000106.nt
sample_0000107.ut	sample_0000107.nt
sample_0000108.ut	sample_0000108.nt
sample_0000109.ut	sample_0000109.nt
sample_0000110.ut	sample_0000110.nt
sample_0000111.ut	sample_0000111.nt
sample_0000112.ut	sample_0000112.nt
sample_0000113.ut	sample_0000113.nt
sample_0000114.ut	sample_0000114.nt
sample_0000115.ut	sample_0000115.nt
sample_0000116.ut	sample_0000116.nt
sample_0000117.ut	sample_0000117.nt
sample_0000118.ut	sample_0000118.nt
sample_0000119.ut	sample_0000119.nt
sample_0000120.ut	sample_0000120.nt
sample_0000121.ut	sample_0000121.nt
sample_0000122.ut	sample_0000122.nt
sample_0000123.ut	sample_0000123.nt
sample_0000124.ut	sample_0000124.nt
sample_0000125.ut	sample_0000125.nt
sample_0000126.ut	sample_0000126.nt
sample_0000127.ut	sample_0000127.nt
sample_0000128.ut	sample_0000128.nt
sample_0000129.ut	sample_0000129.nt
sample_0000130.ut	sample_0000130.nt
sample_0000131.ut	sample_0000131.nt
sample_0000132.ut	sample_0000132.nt
sample_0000133.ut	sample_0000133.nt
sample_0000134.ut	sample_0000134.nt
sample_0000135.ut	sample_0000135.nt
sample_0000136.ut	sample_0000136.nt
sample_0000137.ut	sample_0000137.nt
sample_0000138.ut	sample_0000138.nt
sample_0000139.ut	sample_0000139.nt
sample_0000140.ut	sample_0000140.nt
sample_0000141.ut	sample_0000141.nt
sample_0000142.ut	sample_0000142.nt
sample_0000143.ut	sample_0000143.nt
sample_0000144.ut	sample_0000144.nt
sample_0000145.ut	sample_0000145.nt
sample_0000146.ut	sample_0000146.nt
sample_0000147.ut	sample_0000147.nt
sample_0000148.ut	sample_0000148.nt
sample_0000149.ut	sample_0000149.nt
sample_0000150.ut	sample_0000150.nt
sample_0000151.ut	sample_0000151.nt
sample_0000152.ut	sample_0000152.nt
sample_0000153.ut	sample_0000153.nt
sample_0000154.ut	sample_0000154.nt
sample_0000155.ut	sample_0000155.nt
sample_0000156.ut	sample_0000156.nt
sample_0000157.ut	sample_0000157.nt
sample_0000158.ut	sample_0000158.nt
sample_0000159.ut	sample_0000159.nt
sample_0000160.ut	sample_0000160.nt
sample_0000161.ut	sample_0000161.nt
sample_0000162.ut	sample_0000162.nt
sample_0000163.ut	sample_0000163.nt
sample_0000164.ut	sample_0000164.nt
sample_0000165.ut	sample_0000165.nt
sample_0000166.ut	sample_0000166.nt
sample_0000167.ut	sample_0000167.nt
sample_0000168.ut	sample_0000168.nt
sample_0000169.ut	sample_0000169.nt
sample_0000170.ut	sample_0000170.nt
sample_0000171.ut	sample_0000171.nt
sample_0000172.ut	sample_0000172.nt
sample_0000173.ut	sample_0000173.nt
sample_0000174.ut	sample_0000174.nt
sample_0000175.ut	sample_0000175.nt
sample_0000176.ut	sample_0000176.nt
sample_0000177.ut	sample_0000177.nt
sample_0000178.ut	sample_0000178.nt
sample_0000179.ut	sample_0000179.nt
sample_0000180.ut	sample_0000180.nt
sample_0000181.ut	sample_0000181.nt
sample_0000182.ut	sample_0000182.nt
sample_0000183.ut	sample_0000183.nt
sample_0000184.ut	sample_0000184.nt
sample_0000185.ut	sample_0000185.nt
sample_0000186.ut	sample_0000186.nt
sample_0000187.ut	sample_0000187.nt
sample_0000188.ut	sample_0000188.nt
sample_0000189.ut	sample_0000189.nt
sample_0000190.ut	sample_0000190.nt
sample_0000191.ut	sample_0000191.nt
sample_0000192.ut	sample_0000192.nt
sample_0000193.ut	sample_0000193.nt
sample_0000194.ut	sample_0000194.nt
sample_0000195.ut	sample_0000195.nt
sample_0000196.ut	sample_0000196.nt
sample_0000197.ut	sample_0000197.nt
sample_0000198.ut	sample_0000198.nt
sample_0000199.ut	sample_0000199.nt
sample_0000200.ut	sample_0000200.nt
sample_0000201.ut	sample_0000201.nt
sample_0000202.ut	sample_0000202.nt
sample_0000203.ut	sample_0000203.nt
sample_0000204.ut	sample_0000204.nt
sample_0000205.ut	sample_0000205.nt
sample_0000206.ut	sample_0000206.nt
sample_0000207.ut	sample_0000207.nt
sample_0000208.ut	sample_0000208.nt
sample_0000209.ut	sample_0000209.nt
sample_0000210.ut	sample_0000210.nt
sample_0000211.ut	sample_0000211.nt
sample_0000212.ut	sample_0000212.nt
sample_0000213.ut	sample_0000213.nt
sample_0000214.ut	sample_0000214.nt
sample_0000215.ut	sample_0000215.nt
sample_0000216.ut	sample_0000216.nt
sample_0000217.ut	sample_0000217.nt
sample_0000218.ut	sample_0000218.nt
sample_0000219.ut	sample_0000219.nt
sample_0000220.ut	sample_0000220.nt
sample_0000221.ut	sample_0000221.nt
sample_0000222.ut	sample_0000222.nt
sample_0000223.ut	sample_0000223.nt
sample_0000224.ut	sample_0000224.nt
sample_0000225.ut	sample_0000225.nt
sample_0000226.ut	sample_0000226.nt
sample_0000227.ut	sample_0000227.nt
sample_0000228.ut	sample_0000228.nt
sample_0000229.ut	sample_0000229.nt
sample_0000230.ut	sample_0000230.nt
sample_0000231.ut	sample_0000231.nt
sample_0000232.ut	sample_0000232.nt
sample_0000233.ut	sample_0000233.nt
sample_0000234.ut	sample_0000234.nt
sample_0000235.ut	sample_0000235.nt
sample_0000236.ut	sample_0000236.nt
sample_0000237.ut	sample_0000237.nt
sample_0000238.ut	sample_0000238.nt
sample_0000239.ut	sample_0000239.nt
sample_0000240.ut	sample_0000240.nt
sample_0000241.ut	sample_0000241.nt
sample_0000242.ut	sample_0000242.nt
sample_0000243.ut	sample_0000243.nt
sample_0000244.ut	sample_0000244.nt
sample_0000245.ut	sample_0000245.nt
sample_0000246.ut	sample_0000246.nt
sample_0000247.ut	sample_0000247.nt
sample_0000248.ut	sample_0000248.nt
sample_0000249.ut	sample_0000249.nt
sample_0000250.ut	sample_0000250.nt
sample_0000251.ut	sample_0000251.nt
sample_0000252.ut	sample_0000252.nt
sample_0000253.ut	sample_0000253.nt
sample_0000254.ut	sample_0000254.nt
sample_0000255.ut	sample_0000255.nt
sample_0000256.ut	sample_0000256.nt
sample_0000257.ut	sample_0000257.nt
sample_0000258.ut	sample_0000258.nt
sample_0000259.ut	sample_0000259.nt
sample_0000260.ut	sample_0000260.nt
sample_0000261.ut	sample_0000261.nt
sample_0000262.ut	sample_0000262.nt
sample_0000263.ut	sample_0000263.nt
sample_0000264.ut	sample_0000264.nt
sample_0000265.ut	sample_0000265.nt
sample_0000266.ut	sample_0000266.nt
sample_0000267.ut	sample_0000267.nt
sample_0000268.ut	sample_0000268.nt
sample_0000269.ut	sample_0000269.nt
sample_0000270.ut	sample_0000270.nt
sample_0000271.ut	sample_0000271.nt
sample_0000272.ut	sample_0000272.nt
sample_0000273.ut	sample_0000273.nt
sample_0000274.ut	sample_0000274.nt
sample_0000275.ut	sample_0000275.nt
sample_0000276.ut	sample_0000276.nt
sample_0000277.ut	sample_0000277.nt
sample_0000278.ut	sample_0000278.nt
sample_0000279.ut	sample_0000279.nt
sample_0000280.ut	sample_0000280.nt
sample_0000281.ut	sample_0000281.nt
sample_0000282.ut	sample_0000282.nt
sample_0000283.ut	sample_0000283.nt
sample_0000284.ut	sample_0000284.nt
sample_0000285.ut	sample_0000285.nt
sample_0000286.ut	sample_0000286.nt
sample_0000287.ut	sample_0000287.nt
sample_0000288.ut	sample_0000288.nt
sample_0000289.ut	sample_0000289.nt
sample_0000290.ut	sample_0000290.nt
sample_0000291.ut	sample_0000291.nt
sample_0000292.ut	sample_0000292.nt
sample_0000293.ut	sample_0000293.nt
sample_0000294.ut	sample_0000294.nt
sample_0000295.ut	sample_0000295.nt
sample_0000296.ut	sample_0000296.nt
sample_0000297.ut	sample_0000297.nt
sample_0000298.ut	sample_0000298.nt
sample_0000299.ut	sample_0000299.nt
sample_0000300.ut	sample_0000300.nt
sample_0000301.ut	sample_0000301.nt
sample_0000302.ut	sample_0000302.nt
sample_0000303.ut	sample_0000303.nt
sample_0000304.ut	sample_0000304.nt
sample_0000305.ut	sample_0000305.nt
sample_0000306.ut	sample_0000306.nt
sample_0000307.ut	sample_0000307.nt
sample_0000308.ut	sample_0000308.nt
sample_0000309.ut	sample_0000309.nt
sample_0000310.ut	sample_0000310.nt
sample_0000311.ut	sample_0000311.nt
sample_0000312.ut	sample_0000312.nt
sample_0000313.ut	sample_0000313.nt
sample_0000314.ut	sample_0000314.nt
sample_0000315.ut	sample_0000315.nt
sample_0000316.ut	sample_0000316.nt
sample_0000317.ut	sample_0000317.nt
sample_0000318.ut	sample_0000318.nt
sample_0000319.ut	sample_0000319.nt
sample_0000320.ut	sample_0000320.nt
sample_0000321.ut	sample_0000321.nt
sample_0000322.ut	sample_0000322.nt
sample_0000323.ut	sample_0000323.nt
sample_0000324.ut	sample_0000324.nt
sample_0000325.ut	sample_0000325.nt
sample_0000326.ut	sample_0000326.nt
sample_0000327.ut	sample_0000327.nt
sample_0000328.ut	sample_0000328.nt
sample_0000329.ut	sample_0000329.nt
sample_0000330.ut	sample_0000330.nt
sample_0000331.ut	sample_0000331.nt
sample_0000332.ut	sample_0000332.nt
sample_0000333.ut	sample_0000333.nt
sample_0000334.ut	sample_0000334.nt
sample_0000335.ut	sample_0000335.nt
sample_0000336.ut	sample_0000336.nt
sample_0000337.ut	sample_0000337.nt
sample_0000338.ut	sample_0000338.nt
sample_0000339.ut	sample_0000339.nt
sample_0000340.ut	sample_0000340.nt
sample_0000341.ut	sample_0000341.nt
sample_0000342.ut	sample_0000342.nt
sample_0000343.ut	sample_0000343.nt
sample_0000344.ut	sample_0000344.nt
sample_0000345.ut	sample_0000345.nt
sample_0000346.ut	sample_0000346.nt
sample_0000347.ut	sample_0000347.nt
sample_0000348.ut	sample_0000348.nt
sample_0000349.ut	sample_0000349.nt
sample_0000350.ut	sample_0000350.nt
sample_0000351.ut	sample_0000351.nt
sample_0000352.ut	sample_0000352.nt
sample_0000353.ut	sample_0000353.nt
sample_0000354.ut	sample_0000354.nt
sample_0000355.ut	sample_0000355.nt
sample_0000356.ut	sample_0000356.nt
sample_0000357.ut	sample_0000357.nt
sample_0000358.ut	sample_0000358.nt
sample_0000359.ut	sample_0000359.nt
sample_0000360.ut	sample_0000360.nt
sample_0000361.ut	sample_0000361.nt
sample_0000362.ut	sample_0000362.nt
sample_0000363.ut	sample_0000363.nt
sample_0000364.ut	sample_0000364.nt
sample_0000365.ut	sample_0000365.nt
sample_0000366.ut	sample_0000366.nt
sample_0000367.ut	sample_0000367.nt
sample_0000368.ut	sample_0000368.nt
sample_0000369.ut	sample_0000369.nt
sample_0000370.ut	sample_0000370.nt
sample_0000371.ut	sample_0000371.nt
sample_0000372.ut	sample_0000372.nt
sample_0000373.ut	sample_0000373.nt
sample_0000374.ut	sample_0000374.nt
sample_0000375.ut	sample_0000375.nt
sample_0000376.ut	sample_0000376.nt
sample_0000377.ut	sample_0000377.nt
sample_0000378.ut	sample_0000378.nt
sample_0000379.ut	sample_0000379.nt
sample_0000380.ut	sample_0000380.nt
sample_0000381.ut	sample_0000381.nt
sample_0000382.ut	sample_0000382.nt
sample_0000383.ut	sample_0000383.nt
sample_0000384.ut	sample_0000384.nt
sample_0000385.ut	sample_0000385.nt
sample_0000386.ut	sample_0000386.nt
sample_0000387.ut	sample_0000387.nt
sample_0000388.ut	sample_0000388.nt
sample_0000389.ut	sample_0000389.nt
sample_0000390.ut	sample_0000390.nt
sample_0000391.ut	sample_0000391.nt
sample_0000392.ut	sample_0000392.nt
sample_0000393.ut	sample_0000393.nt
sample_0000394.ut	sample_0000394.nt
sample_0000395.ut	sample_0000395.nt
sample_0000396.ut	sample_0000396.nt
sample_0000397.ut	sample_0000397.nt
sample_0000398.ut	sample_0000398.nt
sample_0000399.ut	sample_0000399.nt
sample_0000400.ut	sample_0000400.nt
sample_0000401.ut	sample_0000401.nt
sample_0000402.ut	sample_0000402.nt
sample_0000403.ut	sample_0000403.nt
sample_0000404.ut	sample_0000404.nt
sample_0000405.ut	sample_0000405.nt
sample_0000406.ut	sample_0000406.nt
sample_0000407.ut	sample_0000407.nt
sample_0000408.ut	sample_0000408.nt
sample_0000409.ut	sample_0000409.nt
sample_0000410.ut	sample_0000410.nt
sample_0000411.ut	sample_0000411.nt
sample_0000412.ut	sample_0000412.nt
sample_0000413.ut	sample_0000413.nt
sample_0000414.ut	sample_0000414.nt
sample_0000415.ut	sample_0000415.nt
sample_0000416.ut	sample_0000416.nt
sample_0000417.ut	sample_0000417.nt
sample_0000418.ut	sample_0000418.nt
sample_0000419.ut	sample_0000419.nt
sample_0000420.ut	sample_0000420.nt
sample_0000421.ut	sample_0000421.nt
sample_0000422.ut	sample_0000422.nt
sample_0000423.ut	sample_0000423.nt
sample_0000424.ut	sample_0000424.nt
sample_0000425.ut	sample_0000425.nt
sample_0000426.ut	sample_0000426.nt
sample_0000427.ut	sample_0000427.nt
sample_0000428.ut	sample_0000428.nt
sample_0000429.ut	sample_0000429.nt
sample_0000430.ut	sample_0000430.nt
sample_0000431.ut	sample_0000431.nt
sample_0000432.ut	sample_0000432.nt
sample_0000433.ut	sample_0000433.nt
sample_0000434.ut	sample_0000434.nt
sample_0000435.ut	sample_0000435.nt
sample_0000436.ut	sample_0000436.nt
sample_0000437.ut	sample_0000437.nt
sample_0000438.ut	sample_0000438.nt
sample_0000439.ut	sample_0000439.nt
sample_0000440.ut	sample_0000440.nt
sample_0000441.ut	sample_0000441.nt
sample_0000442.ut	sample_0000442.nt
sample_0000443.ut	sample_0000443.nt
sample_0000444.ut	sample_0000444.nt
sample_0000445.ut	sample_0000445.nt
sample_0000446.ut	sample_0000446.nt
sample_0000447.ut	sample_0000447.nt
sample_0000448.ut	sample_0000448.nt
sample_0000449.ut	sample_0000449.nt
sample_0000450.ut	sample_0000450.nt
sample_0000451.ut	sample_0000451.nt
sample_0000452.ut	sample_0000452.nt
sample_0000453.ut	sample_0000453.nt
sample_0000454.ut	sample_0000454.nt
sample_0000455.ut	sample_0000455.nt
sample_0000456.ut	sample_0000456.nt
sample_0000457.ut	sample_0000457.nt
sample_0000458.ut	sample_0000458.nt
sample_0000459.ut	sample_0000459.nt
sample_0000460.ut	sample_0000460.nt
sample_0000461.ut	sample_0000461.nt
sample_0000462.ut	sample_0000462.nt
sample_0000463.ut	sample_0000463.nt
sample_0000464.ut	sample_0000464.nt
sample_0000465.ut	sample_0000465.nt
sample_0000466.ut	sample_0000466.nt
sample_0000467.ut	sample_0000467.nt
sample_0000468.ut	sample_0000468.nt
sample_0000469.ut	sample_0000469.nt
sample_0000470.ut	sample_0000470.nt
sample_0000471.ut	sample_0000471.nt
sample_0000472.ut	sample_0000472.nt
sample_0000473.ut	sample_0000473.nt
sample_0000474.ut	sample_0000474.nt
sample_0000475.ut	sample_0000475.nt
sample_0000476.ut	sample_0000476.nt
sample_0000477.ut	sample_0000477.nt
sample_0000478.ut	sample_0000478.nt
sample_0000479.ut	sample_0000479.nt
sample_0000480.ut	sample_0000480.nt
sample_0000481.ut	sample_0000481.nt
sample_0000482.ut	sample_0000482.nt
sample_0000483.ut	sample_0000483.nt
sample_0000484.ut	sample_0000484.nt
sample_0000485.ut	sample_0000485.nt
sample_0000486.ut	sample_0000486.nt
sample_0000487.ut	sample_0000487.nt
sample_0000488.ut	sample_0000488.nt
sample_0000489.ut	sample_0000489.nt
sample_0000490.ut	sample_0000490.nt
sample_0000491.ut	sample_0000491.nt
sample_0000492.ut	sample_0000492.nt
sample_0000493.ut	sample_0000493.nt
sample_0000494.ut	sample_0000494.nt
sample_0000495.ut	sample_0000495.nt
sample_0000496.ut	sample_0000496.nt
sample_0000497.ut	sample_0000497.nt
sample_0000498.ut	sample_0000498.nt
sample_0000499.ut	sample_0000499.nt
sample_0000500.ut	sample_0000500.nt
sample_0000501.ut	sample_0000501.nt
sample_0000502.ut	sample_0000502.nt
sample_0000503.ut	sample_0000503.nt
sample_0000504.ut	sample_0000504.nt
sample_0000505.ut	sample_0000505.nt
sample_0000506.ut	sample_0000506.nt
sample_0000507.ut	sample_0000507.nt
sample_0000508.ut	sample_0000508.nt
sample_0000509.ut	sample_0000509.nt
sample_0000510.ut	sample_0000510.nt
sample_0000511.ut	sample_0000511.nt
sample_0000512.ut	sample_0000512.nt
sample_0000513.ut	sample_0000513.nt
sample_0000514.ut	sample_0000514.nt
sample_0000515.ut	sample_0000515.nt
sample_0000516.ut	sample_0000516.nt
sample_0000517.ut	sample_0000517.nt
sample_0000518.ut	sample_0000518.nt
sample_0000519.ut	sample_0000519.nt
sample_0000520.ut	sample_0000520.nt
sample_0000521.ut	sample_0000521.nt
sample_0000522.ut	sample_0000522.nt
sample_0000523.ut	sample_0000523.nt
sample_0000524.ut	sample_0000524.nt
sample_0000525.ut	sample_0000525.nt
sample_0000526.ut	sample_0000526.nt
sample_0000527.ut	sample_0000527.nt
sample_0000528.ut	sample_0000528.nt
sample_0000529.ut	sample_0000529.nt
sample_0000530.ut	sample_0000530.nt
sample_0000531.ut	sample_0000531.nt
sample_0000532.ut	sample_0000532.nt
sample_0000533.ut	sample_0000533.nt
sample_0000534.ut	sample_0000534.nt
sample_0000535.ut	sample_0000535.nt
sample_0000536.ut	sample_0000536.nt
sample_0000537.ut	sample_0000537.nt
sample_0000538.ut	sample_0000538.nt
sample_0000539.ut	sample_0000539.nt
sample_0000540.ut	sample_0000540.nt
sample_0000541.ut	sample_0000541.nt
sample_0000542.ut	sample_0000542.nt
sample_0000543.ut	sample_0000543.nt
sample_0000544.ut	sample_0000544.nt
sample_0000545.ut	sample_0000545.nt
sample_0000546.ut	sample_0000546.nt
sample_0000547.ut	sample_0000547.nt
sample_0000548.ut	sample_0000548.nt
sample_0000549.ut	sample_0000549.nt
sample_0000550.ut	sample_0000550.nt
sample_0000551.ut	sample_0000551.nt
sample_0000552.ut	sample_0000552.nt
sample_0000553.ut	sample_0000553.nt
sample_0000554.ut	sample_0000554.nt
sample_0000555.ut	sample_0000555.nt
sample_0000556.ut	sample_0000556.nt
sample_0000557.ut	sample_0000557.nt
sample_0000558.ut	sample_0000558.nt
sample_0000559.ut	sample_0000559.nt
sample_0000560.ut	sample_0000560.nt
sample_0000561.ut	sample_0000561.nt
sample_0000562.ut	sample_0000562.nt
sample_0000563.ut	sample_0000563.nt
sample_0000564.ut	sample_0000564.nt
sample_0000565.ut	sample_0000565.nt
sample_0000566.ut	sample_0000566.nt
sample_0000567.ut	sample_0000567.nt
sample_0000568.ut	sample_0000568.nt
sample_0000569.ut	sample_0000569.nt
sample_0000570.ut	sample_0000570.nt
sample_0000571.ut	sample_0000571.nt
sample_0000572.ut	sample_0000572.nt
sample_0000573.ut	sample_0000573.nt
sample_0000574.ut	sample_0000574.nt
sample_0000575.ut	sample_0000575.nt
sample_0000576.ut	sample_0000576.nt
sample_0000577.ut	sample_0000577.nt
sample_0000578.ut	sample_0000578.nt
sample_0000579.ut	sample_0000579.nt
sample_0000580.ut	sample_0000580.nt
sample_0000581.ut	sample_0000581.nt
sample_0000582.ut	sample_0000582.nt
sample_0000583.ut	sample_0000583.nt
sample_0000584.ut	sample_0000584.nt
sample_0000585.ut	sample_0000585.nt
sample_0000586.ut	sample_0000586.nt
sample_0000587.ut	sample_0000587.nt
sample_0000588.ut	sample_0000588.nt
sample_0000589.ut	sample_0000589.nt
sample_0000590.ut	sample_0000590.nt
sample_0000591.ut	sample_0000591.nt
sample_0000592.ut	sample_0000592.nt
sample_0000593.ut	sample_0000593.nt
sample_0000594.ut	sample_0000594.nt
sample_0000595.ut	sample_0000595.nt
sample_0000596.ut	sample_0000596.nt
sample_0000597.ut	sample_0000597.nt
sample_0000598.ut	sample_0000598.nt
sample_0000599.ut	sample_0000599.nt
sample_0000600.ut	sample_0000600.nt
sample_0000601.ut	sample_0000601.nt
sample_0000602.ut	sample_0000602.nt
sample_0000603.ut	sample_0000603.nt
sample_0000604.ut	sample_0000604.nt
sample_0000605.ut	sample_0000605.nt
sample_0000606.ut	sample_0000606.nt
sample_0000607.ut	sample_0000607.nt
sample_0000608.ut	sample_0000608.nt
sample_0000609.ut	sample_0000609.nt
sample_0000610.ut	sample_0000610.nt
sample_0000611.ut	sample_0000611.nt
sample_0000612.ut	sample_0000612.nt
sample_0000613.ut	sample_0000613.nt
sample_0000614.ut	sample_0000614.nt
sample_0000615.ut	sample_0000615.nt
sample_0000616.ut	sample_0000616.nt
sample_0000617.ut	sample_0000617.nt
sample_0000618.ut	sample_0000618.nt
sample_0000619.ut	sample_0000619.nt
sample_0000620.ut	sample_0000620.nt
sample_0000621.ut	sample_0000621.nt
sample_0000622.ut	sample_0000622.nt
sample_0000623.ut	sample_0000623.nt
sample_0000624.ut	sample_0000624.nt
sample_0000625.ut	sample_0000625.nt
sample_0000626.ut	sample_0000626.nt
sample_0000627.ut	sample_0000627.nt
sample_0000628.ut	sample_0000628.nt
sample_0000629.ut	sample_0000629.nt
sample_0000630.ut	sample_0000630.nt
sample_0000631.ut	sample_0000631.nt
sample_0000632.ut	sample_0000632.nt
sample_0000633.ut	sample_0000633.nt
sample_0000634.ut	sample_0000634.nt
sample_0000635.ut	sample_0000635.nt
sample_0000636.ut	sample_0000636.nt
sample_0000637.ut	sample_0000637.nt
sample_0000638.ut	sample_0000638.nt
sample_0000639.ut	sample_0000639.nt
sample_0000640.ut	sample_0000640.nt
sample_0000641.ut	sample_0000641.nt
sample_0000642.ut	sample_0000642.nt
sample_0000643.ut	sample_0000643.nt
sample_0000644.ut	sample_0000644.nt
sample_0000645.ut	sample_0000645.nt
sample_0000646.ut	sample_0000646.nt
sample_0000647.ut	sample_0000647.nt
sample_0000648.ut	sample_0000648.nt
sample_0000649.ut	sample_0000649.nt
sample_0000650.ut	sample_0000650.nt
sample_0000651.ut	sample_0000651.nt
sample_0000652.ut	sample_0000652.nt
sample_0000653.ut	sample_0000653.nt
sample_0000654.ut	sample_0000654.nt
sample_0000655.ut	sample_0000655.nt
sample_0000656.ut	sample_0000656.nt
sample_0000657.ut	sample_0000657.nt
sample_0000658.ut	sample_0000658.nt
sample_0000659.ut	sample_0000659.nt
sample_0000660.ut	sample_0000660.nt
sample_0000661.ut	sample_0000661.nt
sample_0000662.ut	sample_0000662.nt
sample_0000663.ut	sample_0000663.nt
sample_0000664.ut	sample_0000664.nt
sample_0000665.ut	sample_0000665.nt
sample_0000666.ut	sample_0000666.nt
sample_0000667.ut	sample_0000667.nt
sample_0000668.ut	sample_0000668.nt
sample_0000669.ut	sample_0000669.nt
sample_0000670.ut	sample_0000670.nt
sample_0000671.ut	sample_0000671.nt
sample_0000672.ut	sample_0000672.nt
sample_0000673.ut	sample_0000673.nt
sample_0000674.ut	sample_0000674.nt
sample_0000675.ut	sample_0000675.nt
sample_0000676.ut	sample_0000676.nt
sample_0000677.ut	sample_0000677.nt
sample_0000678.ut	sample_0000678.nt
sample_0000679.ut	sample_0000679.nt
sample_0000680.ut	sample_0000680.nt
sample_0000681.ut	sample_0000681.nt
sample_0000682.ut	sample_0000682.nt
sample_0000683.ut	sample_0000683.nt
sample_0000684.ut	sample_0000684.nt
sample_0000685.ut	sample_0000685.nt
sample_0000686.ut	sample_0000686.nt
sample_0000687.ut	sample_0000687.nt
sample_0000688.ut	sample_0000688.nt
sample_0000689.ut	sample_0000689.nt
sample_0000690.ut	sample_0000690.nt
sample_0000691.ut	sample_0000691.nt
sample_0000692.ut	sample_0000692.nt
sample_0000693.ut	sample_0000693.nt
sample_0000694.ut	sample_0000694.nt
sample_0000695.ut	sample_0000695.nt
sample_0000696.ut	sample_0000696.nt
sample_0000697.ut	sample_0000697.nt
sample_0000698.ut	sample_0000698.nt
sample_0000699.ut	sample_0000699.nt
sample_0000700.ut	sample_0000700.nt
sample_0000701.ut	sample_0000701.nt
sample_0000702.ut	sample_0000702.nt
sample_0000703.ut	sample_0000703.nt
sample_0000704.ut	sample_0000704.nt
sample_0000705.ut	sample_0000705.nt
sample_0000706.ut	sample_0000706.nt
sample_0000707.ut	sample_0000707.nt
sample_0000708.ut	sample_0000708.nt
sample_0000709.ut	sample_0000709.nt
sample_0000710.ut	sample_0000710.nt
sample_0000711.ut	sample_0000711.nt
sample_0000712.ut	sample_0000712.nt
sample_0000713.ut	sample_0000713.nt
sample_0000714.ut	sample_0000714.nt
sample_0000715.ut	sample_0000715.nt
sample_0000716.ut	sample_0000716.nt
sample_0000717.ut	sample_0000717.nt
sample_0000718.ut	sample_0000718.nt
sample_0000719.ut	sample_0000719.nt
sample_0000720.ut	sample_0000720.nt
sample_0000721.ut	sample_0000721.nt
sample_0000722.ut	sample_0000722.nt
sample_0000723.ut	sample_0000723.nt
sample_0000724.ut	sample_0000724.nt
sample_0000725.ut	sample_0000725.nt
sample_0000726.ut	sample_0000726.nt
sample_0000727.ut	sample_0000727.nt
sample_0000728.ut	sample_0000728.nt
sample_0000729.ut	sample_0000729.nt
sample_0000730.ut	sample_0000730.nt
sample_0000731.ut	sample_0000731.nt
sample_0000732.ut	sample_0000732.nt
sample_0000733.ut	sample_0000733.nt
sample_0000734.ut	sample_0000734.nt
sample_0000735.ut	sample_0000735.nt
sample_0000736.ut	sample_0000736.nt
sample_0000737.ut	sample_0000737.nt
sample_0000738.ut	sample_0000738.nt
sample_0000739.ut	sample_0000739.nt
sample_0000740.ut	sample_0000740.nt
sample_0000741.ut	sample_0000741.nt
sample_0000742.ut	sample_0000742.nt
sample_0000743.ut	sample_0000743.nt
sample_0000744.ut	sample_0000744.nt
sample_0000745.ut	sample_0000745.nt
sample_0000746.ut	sample_0000746.nt
sample_0000747.ut	sample_0000747.nt
sample_0000748.ut	sample_0000748.nt
sample_0000749.ut	sample_0000749.nt
sample_0000750.ut	sample_0000750.nt
sample_0000751.ut	sample_0000751.nt
sample_0000752.ut	sample_0000752.nt
sample_0000753.ut	sample_0000753.nt
sample_0000754.ut	sample_0000754.nt
sample_0000755.ut	sample_0000755.nt
sample_0000756.ut	sample_0000756.nt
sample_0000757.ut	sample_0000757.nt
sample_0000758.ut	sample_0000758.nt
sample_0000759.ut	sample_0000759.nt
sample_0000760.ut	sample_0000760.nt
sample_0000761.ut	sample_0000761.nt
sample_0000762.ut	sample_0000762.nt
sample_0000763.ut	sample_0000763.nt
sample_0000764.ut	sample_0000764.nt
sample_0000765.ut	sample_0000765.nt
sample_0000766.ut	sample_0000766.nt
sample_0000767.ut	sample_0000767.nt
sample_0000768.ut	sample_0000768.nt
sample_0000769.ut	sample_0000769.nt
sample_0000770.ut	sample_0000770.nt
sample_0000771.ut	sample_0000771.nt
sample_0000772.ut	sample_0000772.nt
sample_0000773.ut	sample_0000773.nt
sample_0000774.ut	sample_0000774.nt
sample_0000775.ut	sample_0000775.nt
sample_0000776.ut	sample_0000776.nt
sample_0000777.ut	sample_0000777.nt
sample_0000778.ut	sample_0000778.nt
sample_0000779.ut	sample_0000779.nt
sample_0000780.ut	sample_0000780.nt
sample_0000781.ut	sample_0000781.nt
sample_0000782.ut	sample_0000782.nt
sample_0000783.ut	sample_0000783.nt
sample_0000784.ut	sample_0000784.nt
sample_0000785.ut	sample_0000785.nt
sample_0000786.ut	sample_0000786.nt
sample_0000787.ut	sample_0000787.nt
sample_0000788.ut	sample_0000788.nt
sample_0000789.ut	sample_0000789.nt
sample_0000790.ut	sample_0000790.nt
sample_0000791.ut	sample_0000791.nt
sample_0000792.ut	sample_0000792.nt
sample_0000793.ut	sample_0000793.nt
sample_0000794.ut	sample_0000794.nt
sample_0000795.ut	sample_0000795.nt
sample_0000796.ut	sample_0000796.nt
sample_0000797.ut	sample_0000797.nt
sample_0000798.ut	sample_0000798.nt
sample_0000799.ut	sample_0000799.nt
sample_0000800.ut	sample_0000800.nt
sample_0000801.ut	sample_0000801.nt
sample_0000802.ut	sample_0000802.nt
sample_0000803.ut	sample_0000803.nt
sample_0000804.ut	sample_0000804.nt
sample_0000805.ut	sample_0000805.nt
sample_0000806.ut	sample_0000806.nt
sample_0000807.ut	sample_0000807.nt
sample_0000808.ut	sample_0000808.nt
sample_0000809.ut	sample_0000809.nt
sample_0000810.ut	sample_0000810.nt
sample_0000811.ut	sample_0000811.nt
sample_0000812.ut	sample_0000812.nt
sample_0000813.ut	sample_0000813.nt
sample_0000814.ut	sample_0000814.nt
sample_0000815.ut	sample_0000815.nt
sample_0000816.ut	sample_0000816.nt
sample_0000817.ut	sample_0000817.nt
sample_0000818.ut	sample_0000818.nt
sample_0000819.ut	sample_0000819.nt
sample_0000820.ut	sample_0000820.nt
sample_0000821.ut	sample_0000821.nt
sample_0000822.ut	sample_0000822.nt
sample_0000823.ut	sample_0000823.nt
sample_0000824.ut	sample_0000824.nt
sample_0000825.ut	sample_0000825.nt
sample_0000826.ut	sample_0000826.nt
sample_0000827.ut	sample_0000827.nt
sample_0000828.ut	sample_0000828.nt
sample_0000829.ut	sample_0000829.nt
sample_0000830.ut	sample_0000830.nt
sample_0000831.ut	sample_0000831.nt
sample_0000832.ut	sample_0000832.nt
sample_0000833.ut	sample_0000833.nt
sample_0000834.ut	sample_0000834.nt
sample_0000835.ut	sample_0000835.nt
sample_0000836.ut	sample_0000836.nt
sample_0000837.ut	sample_0000837.nt
sample_0000838.ut	sample_0000838.nt
sample_0000839.ut	sample_0000839.nt
sample_0000840.ut	sample_0000840.nt
sample_0000841.ut	sample_0000841.nt
sample_0000842.ut	sample_0000842.nt
sample_0000843.ut	sample_0000843.nt
sample_0000844.ut	sample_0000844.nt
sample_0000845.ut	sample_0000845.nt
sample_0000846.ut	sample_0000846.nt
sample_0000847.ut	sample_0000847.nt
sample_0000848.ut	sample_0000848.nt
sample_0000849.ut	sample_0000849.nt
sample_0000850.ut	sample_0000850.nt
sample_0000851.ut	sample_0000851.nt
sample_0000852.ut	sample_0000852.nt
sample_0000853.ut	sample_0000853.nt
sample_0000854.ut	sample_0000854.nt
sample_0000855.ut	sample_0000855.nt
sample_0000856.ut	sample_0000856.nt
sample_0000857.ut	sample_0000857.nt
sample_0000858.ut	sample_0000858.nt
sample_0000859.ut	sample_0000859.nt
sample_0000860.ut	sample_0000860.nt
sample_0000861.ut	sample_0000861.nt
sample_0000862.ut	sample_0000862.nt
sample_0000863.ut	sample_0000863.nt
sample_0000864.ut	sample_0000864.nt
sample_0000865.ut	sample_0000865.nt
sample_0000866.ut	sample_0000866.nt
sample_0000867.ut	sample_0000867.nt
sample_0000868.ut	sample_0000868.nt
sample_0000869.ut	sample_0000869.nt
sample_0000870.ut	sample_0000870.nt
sample_0000871.ut	sample_0000871.nt
sample_0000872.ut	sample_0000872.nt
sample_0000873.ut	sample_0000873.nt
sample_0000874.ut	sample_0000874.nt
sample_0000875.ut	sample_0000875.nt
sample_0000876.ut	sample_0000876.nt
sample_0000877.ut	sample_0000877.nt
sample_0000878.ut	sample_0000878.nt
sample_0000879.ut	sample_0000879.nt
sample_0000880.ut	sample_0000880.nt
sample_0000881.ut	sample_0000881.nt
sample_0000882.ut	sample_0000882.nt
sample_0000883.ut	sample_0000883.nt
sample_0000884.ut	sample_0000884.nt
sample_0000885.ut	sample_0000885.nt
sample_0000886.ut	sample_0000886.nt
sample_0000887.ut	sample_0000887.nt
sample_0000888.ut	sample_0000888.nt
sample_0000889.ut	sample_0000889.nt
sample_0000890.ut	sample_0000890.nt
sample_0000891.ut	sample_0000891.nt
sample_0000892.ut	sample_0000892.nt
sample_0000893.ut	sample_0000893.nt
sample_0000894.ut	sample_0000894.nt
sample_0000895.ut	sample_0000895.nt
sample_0000896.ut	sample_0000896.nt
sample_0000897.ut	sample_0000897.nt
sample_0000898.ut	sample_0000898.nt
sample_0000899.ut	sample_0000899.nt
sample_0000900.ut	sample_0000900.nt
sample_0000901.ut	sample_0000901.nt
sample_0000902.ut	sample_0000902.nt
sample_0000903.ut	sample_0000903.nt
sample_0000904.ut	sample_0000904.nt
sample_0000905.ut	sample_0000905.nt
sample_0000906.ut	sample_0000906.nt
sample_0000907.ut	sample_0000907.nt
sample_0000908.ut	sample_0000908.nt
sample_0000909.ut	sample_0000909.nt
sample_0000910.ut	sample_0000910.nt
sample_0000911.ut	sample_0000911.nt
sample_0000912.ut	sample_0000912.nt
sample_0000913.ut	sample_0000913.nt
sample_0000914.ut	sample_0000914.nt
sample_0000915.ut	sample_0000915.nt
sample_0000916.ut	sample_0000916.nt
sample_0000917.ut	sample_0000917.nt
sample_0000918.ut	sample_0000918.nt
sample_0000919.ut	sample_0000919.nt
sample_0000920.ut	sample_0000920.nt
sample_0000921.ut	sample_0000921.nt
sample_0000922.ut	sample_0000922.nt
sample_0000923.ut	sample_0000923.nt
sample_0000924.ut	sample_0000924.nt
sample_0000925.ut	sample_0000925.nt
sample_0000926.ut	sample_0000926.nt
sample_0000927.ut	sample_0000927.nt
sample_0000928.ut	sample_0000928.nt
sample_0000929.ut	sample_0000929.nt
sample_0000930.ut	sample_0000930.nt
sample_0000931.ut	sample_0000931.nt
sample_0000932.ut	sample_0000932.nt
sample_0000933.ut	sample_0000933.nt
sample_0000934.ut	sample_0000934.nt
sample_0000935.ut	sample_0000935.nt
sample_0000936.ut	sample_0000936.nt
sample_0000937.ut	sample_0000937.nt
sample_0000938.ut	sample_0000938.nt
sample_0000939.ut	sample_0000939.nt
sample_0000940.ut	sample_0000940.nt
sample_0000941.ut	sample_0000941.nt
sample_0000942.ut	sample_0000942.nt
sample_0000943.ut	sample_0000943.nt
sample_0000944.ut	sample_0000944.nt
sample_0000945.ut	sample_0000945.nt
sample_0000946.ut	sample_0000946.nt
sample_0000947.ut	sample_0000947.nt
sample_0000948.ut	sample_0000948.nt
sample_0000949.ut	sample_0000949.nt
sample_0000950.ut	sample_0000950.nt
sample_0000951.ut	sample_0000951.nt
sample_0000952.ut	sample_0000952.nt
sample_0000953.ut	sample_0000953.nt
sample_0000954.ut	sample_0000954.nt
sample_0000955.ut	sample_0000955.nt
sample_0000956.ut	sample_0000956.nt
sample_0000957.ut	sample_0000957.nt
sample_0000958.ut	sample_0000958.nt
sample_0000959.ut	sample_0000959.nt
sample_0000960.ut	sample_0000960.nt
sample_0000961.ut	sample_0000961.nt
sample_0000962.ut	sample_0000962.nt
sample_0000963.ut	sample_0000963.nt
sample_0000964.ut	sample_0000964.nt
sample_0000965.ut	sample_0000965.nt
sample_0000966.ut	sample_0000966.nt
sample_0000967.ut	sample_0000967.nt
sample_0000968.ut	sample_0000968.nt
sample_0000969.ut	sample_0000969.nt
sample_0000970.ut	sample_0000970.nt
sample_0000971.ut	sample_0000971.nt
sample_0000972.ut	sample_0000972.nt
sample_0000973.ut	sample_0000973.nt
sample_0000974.ut	sample_0000974.nt
sample_0000975.ut	sample_0000975.nt
sample_0000976.ut	sample_0000976.nt
sample_0000977.ut	sample_0000977.nt
sample_0000978.ut	sample_0000978.nt
sample_0000979.ut	sample_0000979.nt
sample_0000980.ut	sample_0000980.nt
sample_0000981.ut	sample_0000981.nt
sample_0000982.ut	sample_0000982.nt
sample_0000983.ut	sample_0000983.nt
sample_0000984.ut	sample_0000984.nt
sample_0000985.ut	sample_0000985.nt
sample_0000986.ut	sample_0000986.nt
sample_0000987.ut	sample_0000987.nt
sample_0000988.ut	sample_0000988.nt
sample_0000989.ut	sample_0000989.nt
sample_0000990.ut	sample_0000990.nt
sample_0000991.ut	sample_0000991.nt
sample_0000992.ut	sample_0000992.nt
sample_0000993.ut	sample_0000993.nt
sample_0000994.ut	sample_0000994.nt
sample_0000995.ut	sample_0000995.nt
sample_0000996.ut	sample_0000996.nt
sample_0000997.ut	sample_0000997.nt
sample_0000998.ut	sample_0000998.nt
sample_0000999.ut	sample_0000999.nt
sample_0001000.ut	sample_0001000.nt
sample_0001001.ut	sample_0001001.nt
sample_0001002.ut	sample_0001002.nt
sample_0001003.ut	sample_0001003.nt
sample_0001004.ut	sample_0001004.nt
sample_0001005.ut	sample_0001005.nt
sample_0001006.ut	sample_0001006.nt
sample_0001007.ut	sample_0001007.nt
sample_0001008.ut	sample_0001008.nt
sample_0001009.ut	sample_0001009.nt
sample_0001010.ut	sample_0001010.nt
sample_0001011.ut	sample_0001011.nt
sample_0001012.ut	sample_0001012.nt
sample_0001013.ut	sample_0001013.nt
sample_0001014.ut	sample_0001014.nt
sample_0001015.ut	sample_0001015.nt
sample_0001016.ut	sample_0001016.nt
sample_0001017.ut	sample_0001017.nt
sample_0001018.ut	sample_0001018.nt
sample_0001019.ut	sample_0001019.nt
sample_0001020.ut	sample_0001020.nt
sample_0001021.ut	sample_0001021.nt
sample_0001022.ut	sample_0001022.nt
sample_0001023.ut	sample_0001023.nt
sample_0001024.ut	sample_0001024.nt
sample_0001025.ut	sample_0001025.nt
sample_0001026.ut	sample_0001026.nt
sample_0001027.ut	sample_0001027.nt
sample_0001028.ut	sample_0001028.nt
sample_0001029.ut	sample_0001029.nt
sample_0001030.ut	sample_0001030.nt
sample_0001031.ut	sample_0001031.nt
sample_0001032.ut	sample_0001032.nt
sample_0001033.ut	sample_0001033.nt
sample_0001034.ut	sample_0001034.nt
sample_0001035.ut	sample_0001035.nt
sample_0001036.ut	sample_0001036.nt
sample_0001037.ut	sample_0001037.nt
sample_0001038.ut	sample_0001038.nt
sample_0001039.ut	sample_0001039.nt
sample_0001040.ut	sample_0001040.nt
sample_0001041.ut	sample_0001041.nt
sample_0001042.ut	sample_0001042.nt
sample_0001043.ut	sample_0001043.nt
sample_0001044.ut	sample_0001044.nt
sample_0001045.ut	sample_0001045.nt
sample_0001046.ut	sample_0001046.nt
sample_0001047.ut	sample_0001047.nt
sample_0001048.ut	sample_0001048.nt
sample_0001049.ut	sample_0001049.nt
sample_0001050.ut	sample_0001050.nt
sample_0001051.ut	sample_0001051.nt
sample_0001052.ut	sample_0001052.nt
sample_0001053.ut	sample_0001053.nt
sample_0001054.ut	sample_0001054.nt
sample_0001055.ut	sample_0001055.nt
sample_0001056.ut	sample_0001056.nt
sample_0001057.ut	sample_0001057.nt
sample_0001058.ut	sample_0001058.nt
sample_0001059.ut	sample_0001059.nt
sample_0001060.ut	sample_0001060.nt
sample_0001061.ut	sample_0001061.nt
sample_0001062.ut	sample_0001062.nt
sample_0001063.ut	sample_0001063.nt
sample_0001064.ut	sample_0001064.nt
sample_0001065.ut	sample_0001065.nt
sample_0001066.ut	sample_0001066.nt
sample_0001067.ut	sample_0001067.nt
sample_0001068.ut	sample_0001068.nt
sample_0001069.ut	sample_0001069.nt
sample_0001070.ut	sample_0001070.nt
sample_0001071.ut	sample_0001071.nt
sample_0001072.ut	sample_0001072.nt
sample_0001073.ut	sample_0001073.nt
sample_0001074.ut	sample_0001074.nt
sample_0001075.ut	sample_0001075.nt
sample_0001076.ut	sample_0001076.nt
sample_0001077.ut	sample_0001077.nt
sample_0001078.ut	sample_0001078.nt
sample_0001079.ut	sample_0001079.nt
sample_0001080.ut	sample_0001080.nt
sample_0001081.ut	sample_0001081.nt
sample_0001082.ut	sample_0001082.nt
sample_0001083.ut	sample_0001083.nt
sample_0001084.ut	sample_0001084.nt
sample_0001085.ut	sample_0001085.nt
sample_0001086.ut	sample_0001086.nt
sample_0001087.ut	sample_0001087.nt
sample_0001088.ut	sample_0001088.nt
sample_0001089.ut	sample_0001089.nt
sample_0001090.ut	sample_0001090.nt
sample_0001091.ut	sample_0001091.nt
sample_0001092.ut	sample_0001092.nt
sample_0001093.ut	sample_0001093.nt
sample_0001094.ut	sample_0001094.nt
sample_0001095.ut	sample_0001095.nt
sample_0001096.ut	sample_0001096.nt
sample_0001097.ut	sample_0001097.nt
sample_0001098.ut	sample_0001098.nt
sample_0001099.ut	sample_0001099.nt
sample_0001100.ut	sample_0001100.nt
sample_0001101.ut	sample_0001101.nt
sample_0001102.ut	sample_0001102.nt
sample_0001103.ut	sample_0001103.nt
sample_0001104.ut	sample_0001104.nt
sample_0001105.ut	sample_0001105.nt
sample_0001106.ut	sample_0001106.nt
sample_0001107.ut	sample_0001107.nt
sample_0001108.ut	sample_0001108.nt
sample_0001109.ut	sample_0001109.nt
sample_0001110.ut	sample_0001110.nt
sample_0001111.ut	sample_0001111.nt
sample_0001112.ut	sample_0001112.nt
sample_0001113.ut	sample_0001113.nt
sample_0001114.ut	sample_0001114.nt
sample_0001115.ut	sample_0001115.nt
sample_0001116.ut	sample_0001116.nt
sample_0001117.ut	sample_0001117.nt
sample_0001118.ut	sample_0001118.nt
sample_0001119.ut	sample_0001119.nt
sample_0001120.ut	sample_0001120.nt
sample_0001121.ut	sample_0001121.nt
sample_0001122.ut	sample_0001122.nt
sample_0001123.ut	sample_0001123.nt
sample_0001124.ut	sample_0001124.nt
sample_0001125.ut	sample_0001125.nt
sample_0001126.ut	sample_0001126.nt
sample_0001127.ut	sample_0001127.nt
sample_0001128.ut	sample_0001128.nt
sample_0001129.ut	sample_0001129.nt
sample_0001130.ut	sample_0001130.nt
sample_0001131.ut	sample_0001131.nt
sample_0001132.ut	sample_0001132.nt
sample_0001133.ut	sample_0001133.nt
sample_0001134.ut	sample_0001134.nt
sample_0001135.ut	sample_0001135.nt
sample_0001136.ut	sample_0001136.nt
sample_0001137.ut	sample_0001137.nt
sample_0001138.ut	sample_0001138.nt
sample_0001139.ut	sample_0001139.nt
sample_0001140.ut	sample_0001140.nt
sample_0001141.ut	sample_0001141.nt
sample_0001142.ut	sample_0001142.nt
sample_0001143.ut	sample_0001143.nt
sample_0001144.ut	sample_0001144.nt
sample_0001145.ut	sample_0001145.nt
sample_0001146.ut	sample_0001146.nt
sample_0001147.ut	sample_0001147.nt
sample_0001148.ut	sample_0001148.nt
sample_0001149.ut	sample_0001149.nt
sample_0001150.ut	sample_0001150.nt
sample_0001151.ut	sample_0001151.nt
sample_0001152.ut	sample_0001152.nt
sample_0001153.ut	sample_0001153.nt
sample_0001154.ut	sample_0001154.nt
sample_0001155.ut	sample_0001155.nt
sample_0001156.ut	sample_0001156.nt
sample_0001157.ut	sample_0001157.nt
sample_0001158.ut	sample_0001158.nt
sample_0001159.ut	sample_0001159.nt
sample_0001160.ut	sample_0001160.nt
sample_0001161.ut	sample_0001161.nt
sample_0001162.ut	sample_0001162.nt
sample_0001163.ut	sample_0001163.nt
sample_0001164.ut	sample_0001164.nt
sample_0001165.ut	sample_0001165.nt
sample_0001166.ut	sample_0001166.nt
sample_0001167.ut	sample_0001167.nt
sample_0001168.ut	sample_0001168.nt
sample_0001169.ut	sample_0001169.nt
sample_0001170.ut	sample_0001170.nt
sample_0001171.ut	sample_0001171.nt
sample_0001172.ut	sample_0001172.nt
sample_0001173.ut	sample_0001173.nt
sample_0001174.ut	sample_0001174.nt
sample_0001175.ut	sample_0001175.nt
sample_0001176.ut	sample_0001176.nt
sample_0001177.ut	sample_0001177.nt
sample_0001178.ut	sample_0001178.nt
sample_0001179.ut	sample_0001179.nt
sample_0001180.ut	sample_0001180.nt
sample_0001181.ut	sample_0001181.nt
sample_0001182.ut	sample_0001182.nt
sample_0001183.ut	sample_0001183.nt
sample_0001184.ut	sample_0001184.nt
sample_0001185.ut	sample_0001185.nt
sample_0001186.ut	sample_0001186.nt
sample_0001187.ut	sample_0001187.nt
sample_0001188.ut	sample_0001188.nt
sample_0001189.ut	sample_0001189.nt
sample_0001190.ut	sample_0001190.nt
sample_0001191.ut	sample_0001191.nt
sample_0001192.ut	sample_0001192.nt
sample_0001193.ut	sample_0001193.nt
sample_0001194.ut	sample_0001194.nt
sample_0001195.ut	sample_0001195.nt
sample_0001196.ut	sample_0001196.nt
sample_0001197.ut	sample_0001197.nt
sample_0001198.ut	sample_0001198.nt
sample_0001199.ut	sample_0001199.nt
sample_0001200.ut	sample_0001200.nt
sample_0001201.ut	sample_0001201.nt
sample_0001202.ut	sample_0001202.nt
sample_0001203.ut	sample_0001203.nt
sample_0001204.ut	sample_0001204.nt
sample_0001205.ut	sample_0001205.nt
sample_0001206.ut	sample_0001206.nt
sample_0001207.ut	sample_0001207.nt
sample_0001208.ut	sample_0001208.nt
sample_0001209.ut	sample_0001209.nt
sample_0001210.ut	sample_0001210.nt
sample_0001211.ut	sample_0001211.nt
sample_0001212.ut	sample_0001212.nt
sample_0001213.ut	sample_0001213.nt
sample_0001214.ut	sample_0001214.nt
sample_0001215.ut	sample_0001215.nt
sample_0001216.ut	sample_0001216.nt
sample_0001217.ut	sample_0001217.nt
sample_0001218.ut	sample_0001218.nt
sample_0001219.ut	sample_0001219.nt
sample_0001220.ut	sample_0001220.nt
sample_0001221.ut	sample_0001221.nt
sample_0001222.ut	sample_0001222.nt
sample_0001223.ut	sample_0001223.nt
sample_0001224.ut	sample_0001224.nt
sample_0001225.ut	sample_0001225.nt
sample_0001226.ut	sample_0001226.nt
sample_0001227.ut	sample_0001227.nt
sample_0001228.ut	sample_0001228.nt
sample_0001229.ut	sample_0001229.nt
sample_0001230.ut	sample_0001230.nt
sample_0001231.ut	sample_0001231.nt
sample_0001232.ut	sample_0001232.nt
sample_0001233.ut	sample_0001233.nt
sample_0001234.ut	sample_0001234.nt
sample_0001235.ut	sample_0001235.nt
sample_0001236.ut	sample_0001236.nt
sample_0001237.ut	sample_0001237.nt
sample_0001238.ut	sample_0001238.nt
sample_0001239.ut	sample_0001239.nt
sample_0001240.ut	sample_0001240.nt
sample_0001241.ut	sample_0001241.nt
sample_0001242.ut	sample_0001242.nt
sample_0001243.ut	sample_0001243.nt
sample_0001244.ut	sample_0001244.nt
sample_0001245.ut	sample_0001245.nt
sample_0001246.ut	sample_0001246.nt
sample_0001247.ut	sample_0001247.nt
sample_0001248.ut	sample_0001248.nt
sample_0001249.ut	sample_0001249.nt
sample_0001250.ut	sample_0001250.nt
sample_0001251.ut	sample_0001251.nt
sample_0001252.ut	sample_0001252.nt
sample_0001253.ut	sample_0001253.nt
sample_0001254.ut	sample_0001254.nt
sample_0001255.ut	sample_0001255.nt
sample_0001256.ut	sample_0001256.nt
sample_0001257.ut	sample_0001257.nt
sample_0001258.ut	sample_0001258.nt
sample_0001259.ut	sample_0001259.nt
sample_0001260.ut	sample_0001260.nt
sample_0001261.ut	sample_0001261.nt
sample_0001262.ut	sample_0001262.nt
sample_0001263.ut	sample_0001263.nt
sample_0001264.ut	sample_0001264.nt
sample_0001265.ut	sample_0001265.nt
sample_0001266.ut	sample_0001266.nt
sample_0001267.ut	sample_0001267.nt
sample_0001268.ut	sample_0001268.nt
sample_0001269.ut	sample_0001269.nt
sample_0001270.ut	sample_0001270.nt
sample_0001271.ut	sample_0001271.nt
sample_0001272.ut	sample_0001272.nt
sample_0001273.ut	sample_0001273.nt
sample_0001274.ut	sample_0001274.nt
sample_0001275.ut	sample_0001275.nt
sample_0001276.ut	sample_0001276.nt
sample_0001277.ut	sample_0001277.nt
sample_0001278.ut	sample_0001278.nt
sample_0001279.ut	sample_0001279.nt
sample_0001280.ut	sample_0001280.nt
sample_0001281.ut	sample_0001281.nt
sample_0001282.ut	sample_0001282.nt
sample_0001283.ut	sample_0001283.nt
sample_0001284.ut	sample_0001284.nt
sample_0001285.ut	sample_0001285.nt
sample_0001286.ut	sample_0001286.nt
sample_0001287.ut	sample_0001287.nt
sample_0001288.ut	sample_0001288.nt
sample_0001289.ut	sample_0001289.nt
sample_0001290.ut	sample_0001290.nt
sample_0001291.ut	sample_0001291.nt
sample_0001292.ut	sample_0001292.nt
sample_0001293.ut	sample_0001293.nt
sample_0001294.ut	sample_0001294.nt
sample_0001295.ut	sample_0001295.nt
sample_0001296.ut	sample_0001296.nt
sample_0001297.ut	sample_0001297.nt
sample_0001298.ut	sample_0001298.nt
sample_0001299.ut	sample_0001299.nt
sample_0001300.ut	sample_0001300.nt
sample_0001301.ut	sample_0001301.nt
sample_0001302.ut	sample_0001302.nt
sample_0001303.ut	sample_0001303.nt
sample_0001304.ut	sample_0001304.nt
sample_0001305.ut	sample_0001305.nt
sample_0001306.ut	sample_0001306.nt
sample_0001307.ut	sample_0001307.nt
sample_0001308.ut	sample_0001308.nt
sample_0001309.ut	sample_0001309.nt
sample_0001310.ut	sample_0001310.nt
sample_0001311.ut	sample_0001311.nt
sample_0001312.ut	sample_0001312.nt
sample_0001313.ut	sample_0001313.nt
sample_0001314.ut	sample_0001314.nt
sample_0001315.ut	sample_0001315.nt
sample_0001316.ut	sample_0001316.nt
sample_0001317.ut	sample_0001317.nt
sample_0001318.ut	sample_0001318.nt
sample_0001319.ut	sample_0001319.nt
sample_0001320.ut	sample_0001320.nt
sample_0001321.ut	sample_0001321.nt
sample_0001322.ut	sample_0001322.nt
sample_0001323.ut	sample_0001323.nt
sample_0001324.ut	sample_0001324.nt
sample_0001325.ut	sample_0001325.nt
sample_0001326.ut	sample_0001326.nt
sample_0001327.ut	sample_0001327.nt
sample_0001328.ut	sample_0001328.nt
sample_0001329.ut	sample_0001329.nt
sample_0001330.ut	sample_0001330.nt
sample_0001331.ut	sample_0001331.nt
sample_0001332.ut	sample_0001332.nt
sample_0001333.ut	sample_0001333.nt
sample_0001334.ut	sample_0001334.nt
sample_0001335.ut	sample_0001335.nt
sample_0001336.ut	sample_0001336.nt
sample_0001337.ut	sample_0001337.nt
sample_0001338.ut	sample_0001338.nt
sample_0001339.ut	sample_0001339.nt
sample_0001340.ut	sample_0001340.nt
sample_0001341.ut	sample_0001341.nt
sample_0001342.ut	sample_0001342.nt
sample_0001343.ut	sample_0001343.nt
sample_0001344.ut	sample_0001344.nt
sample_0001345.ut	sample_0001345.nt
sample_0001346.ut	sample_0001346.nt
sample_0001347.ut	sample_0001347.nt
sample_0001348.ut	sample_0001348.nt
sample_0001349.ut	sample_0001349.nt
sample_0001350.ut	sample_0001350.nt
sample_0001351.ut	sample_0001351.nt
sample_0001352.ut	sample_0001352.nt
sample_0001353.ut	sample_0001353.nt
sample_0001354.ut	sample_0001354.nt
sample_0001355.ut	sample_0001355.nt
sample_0001356.ut	sample_0001356.nt
sample_0001357.ut	sample_0001357.nt
sample_0001358.ut	sample_0001358.nt
sample_0001359.ut	sample_0001359.nt
sample_0001360.ut	sample_0001360.nt
sample_0001361.ut	sample_0001361.nt
sample_0001362.ut	sample_0001362.nt
sample_0001363.ut	sample_0001363.nt
sample_0001364.ut	sample_0001364.nt
sample_0001365.ut	sample_0001365.nt
sample_0001366.ut	sample_0001366.nt
sample_0001367.ut	sample_0001367.nt
sample_0001368.ut	sample_0001368.nt
sample_0001369.ut	sample_0001369.nt
sample_0001370.ut	sample_0001370.nt
sample_0001371.ut	sample_0001371.nt
sample_0001372.ut	sample_0001372.nt
sample_0001373.ut	sample_0001373.nt
sample_0001374.ut	sample_0001374.nt
sample_0001375.ut	sample_0001375.nt
sample_0001376.ut	sample_0001376.nt
sample_0001377.ut	sample_0001377.nt
sample_0001378.ut	sample_0001378.nt
sample_0001379.ut	sample_0001379.nt
sample_0001380.ut	sample_0001380.nt
sample_0001381.ut	sample_0001381.nt
sample_0001382.ut	sample_0001382.nt
sample_0001383.ut	sample_0001383.nt
sample_0001384.ut	sample_0001384.nt
sample_0001385.ut	sample_0001385.nt
sample_0001386.ut	sample_0001386.nt
sample_0001387.ut	sample_0001387.nt
sample_0001388.ut	sample_0001388.nt
sample_0001389.ut	sample_0001389.nt
sample_0001390.ut	sample_0001390.nt
sample_0001391.ut	sample_0001391.nt
sample_0001392.ut	sample_0001392.nt
sample_0001393.ut	sample_0001393.nt
sample_0001394.ut	sample_0001394.nt
sample_0001395.ut	sample_0001395.nt
sample_0001396.ut	sample_0001396.nt
sample_0001397.ut	sample_0001397.nt
sample_0001398.ut	sample_0001398.nt
sample_0001399.ut	sample_0001399.nt
sample_0001400.ut	sample_0001400.nt
sample_0001401.ut	sample_0001401.nt
sample_0001402.ut	sample_0001402.nt
sample_0001403.ut	sample_0001403.nt
sample_0001404.ut	sample_0001404.nt
sample_0001405.ut	sample_0001405.nt
sample_0001406.ut	sample_0001406.nt
sample_0001407.ut	sample_0001407.nt
sample_0001408.ut	sample_0001408.nt
sample_0001409.ut	sample_0001409.nt
sample_0001410.ut	sample_0001410.nt
sample_0001411.ut	sample_0001411.nt
sample_0001412.ut	sample_0001412.nt
sample_0001413.ut	sample_0001413.nt
sample_0001414.ut	sample_0001414.nt
sample_0001415.ut	sample_0001415.nt
sample_0001416.ut	sample_0001416.nt
sample_0001417.ut	sample_0001417.nt
sample_0001418.ut	sample_0001418.nt
sample_0001419.ut	sample_0001419.nt
sample_0001420.ut	sample_0001420.nt
sample_0001421.ut	sample_0001421.nt
sample_0001422.ut	sample_0001422.nt
sample_0001423.ut	sample_0001423.nt
sample_0001424.ut	sample_0001424.nt
sample_0001425.ut	sample_0001425.nt
sample_0001426.ut	sample_0001426.nt
sample_0001427.ut	sample_0001427.nt
sample_0001428.ut	sample_0001428.nt
sample_0001429.ut	sample_0001429.nt
sample_0001430.ut	sample_0001430.nt
sample_0001431.ut	sample_0001431.nt
sample_0001432.ut	sample_0001432.nt
sample_0001433.ut	sample_0001433.nt
sample_0001434.ut	sample_0001434.nt
sample_0001435.ut	sample_0001435.nt
sample_0001436.ut	sample_0001436.nt
sample_0001437.ut	sample_0001437.nt
sample_0001438.ut	sample_0001438.nt
sample_0001439.ut	sample_0001439.nt
sample_0001440.ut	sample_0001440.nt
sample_0001441.ut	sample_0001441.nt
sample_0001442.ut	sample_0001442.nt
sample_0001443.ut	sample_0001443.nt
sample_0001444.ut	sample_0001444.nt
sample_0001445.ut	sample_0001445.nt
sample_0001446.ut	sample_0001446.nt
sample_0001447.ut	sample_0001447.nt
sample_0001448.ut	sample_0001448.nt
sample_0001449.ut	sample_0001449.nt
sample_0001450.ut	sample_0001450.nt
sample_0001451.ut	sample_0001451.nt
sample_0001452.ut	sample_0001452.nt
sample_0001453.ut	sample_0001453.nt
sample_0001454.ut	sample_0001454.nt
sample_0001455.ut	sample_0001455.nt
sample_0001456.ut	sample_0001456.nt
sample_0001457.ut	sample_0001457.nt
sample_0001458.ut	sample_0001458.nt
sample_0001459.ut	sample_0001459.nt
sample_0001460.ut	sample_0001460.nt
sample_0001461.ut	sample_0001461.nt
sample_0001462.ut	sample_0001462.nt
sample_0001463.ut	sample_0001463.nt
sample_0001464.ut	sample_0001464.nt
sample_0001465.ut	sample_0001465.nt
sample_0001466.ut	sample_0001466.nt
sample_0001467.ut	sample_0001467.nt
sample_0001468.ut	sample_0001468.nt
sample_0001469.ut	sample_0001469.nt
sample_0001470.ut	sample_0001470.nt
sample_0001471.ut	sample_0001471.nt
sample_0001472.ut	sample_0001472.nt
sample_0001473.ut	sample_0001473.nt
sample_0001474.ut	sample_0001474.nt
sample_0001475.ut	sample_0001475.nt
sample_0001476.ut	sample_0001476.nt
sample_0001477.ut	sample_0001477.nt
sample_0001478.ut	sample_0001478.nt
sample_0001479.ut	sample_0001479.nt
sample_0001480.ut	sample_0001480.nt
sample_0001481.ut	sample_0001481.nt
sample_0001482.ut	sample_0001482.nt
sample_0001483.ut	sample_0001483.nt
sample_0001484.ut	sample_0001484.nt
sample_0001485.ut	sample_0001485.nt
sample_0001486.ut	sample_0001486.nt
sample_0001487.ut	sample_0001487.nt
sample_0001488.ut	sample_0001488.nt
sample_0001489.ut	sample_0001489.nt
sample_0001490.ut	sample_0001490.nt
sample_0001491.ut	sample_0001491.nt
sample_0001492.ut	sample_0001492.nt
sample_0001493.ut	sample_0001493.nt
sample_0001494.ut	sample_0001494.nt
sample_0001495.ut	sample_0001495.nt
sample_0001496.ut	sample_0001496.nt
sample_0001497.ut	sample_0001497.nt
sample_0001498.ut	sample_0001498.nt
sample_0001499.ut	sample_0001499.nt
sample_0001500.ut	sample_0001500.nt
sample_0001501.ut	sample_0001501.nt
sample_0001502.ut	sample_0001502.nt
sample_0001503.ut	sample_0001503.nt
sample_0001504.ut	sample_0001504.nt
sample_0001505.ut	sample_0001505.nt
sample_0001506.ut	sample_0001506.nt
sample_0001507.ut	sample_0001507.nt
sample_0001508.ut	sample_0001508.nt
sample_0001509.ut	sample_0001509.nt
sample_0001510.ut	sample_0001510.nt
sample_0001511.ut	sample_0001511.nt
sample_0001512.ut	sample_0001512.nt
sample_0001513.ut	sample_0001513.nt
sample_0001514.ut	sample_0001514.nt
sample_0001515.ut	sample_0001515.nt
sample_0001516.ut	sample_0001516.nt
sample_0001517.ut	sample_0001517.nt
sample_0001518.ut	sample_0001518.nt
sample_0001519.ut	sample_0001519.nt
sample_0001520.ut	sample_0001520.nt
sample_0001521.ut	sample_0001521.nt
sample_0001522.ut	sample_0001522.nt
sample_0001523.ut	sample_0001523.nt
sample_0001524.ut	sample_0001524.nt
sample_0001525.ut	sample_0001525.nt
sample_0001526.ut	sample_0001526.nt
sample_0001527.ut	sample_0001527.nt
sample_0001528.ut	sample_0001528.nt
sample_0001529.ut	sample_0001529.nt
sample_0001530.ut	sample_0001530.nt
sample_0001531.ut	sample_0001531.nt
sample_0001532.ut	sample_0001532.nt
sample_0001533.ut	sample_0001533.nt
sample_0001534.ut	sample_0001534.nt
sample_0001535.ut	sample_0001535.nt
sample_0001536.ut	sample_0001536.nt
sample_0001537.ut	sample_0001537.nt
sample_0001538.ut	sample_0001538.nt
sample_0001539.ut	sample_0001539.nt
sample_0001540.ut	sample_0001540.nt
sample_0001541.ut	sample_0001541.nt
sample_0001542.ut	sample_0001542.nt
sample_0001543.ut	sample_0001543.nt
sample_0001544.ut	sample_0001544.nt
sample_0001545.ut	sample_0001545.nt
sample_0001546.ut	sample_0001546.nt
sample_0001547.ut	sample_0001547.nt
sample_0001548.ut	sample_0001548.nt
sample_0001549.ut	sample_0001549.nt
sample_0001550.ut	sample_0001550.nt
sample_0001551.ut	sample_0001551.nt
sample_0001552.ut	sample_0001552.nt
sample_0001553.ut	sample_0001553.nt
sample_0001554.ut	sample_0001554.nt
sample_0001555.ut	sample_0001555.nt
sample_0001556.ut	sample_0001556.nt
sample_0001557.ut	sample_0001557.nt
sample_0001558.ut	sample_0001558.nt
sample_0001559.ut	sample_0001559.nt
sample_0001560.ut	sample_0001560.nt
sample_0001561.ut	sample_0001561.nt
sample_0001562.ut	sample_0001562.nt
sample_0001563.ut	sample_0001563.nt
sample_0001564.ut	sample_0001564.nt
sample_0001565.ut	sample_0001565.nt
sample_0001566.ut	sample_0001566.nt
sample_0001567.ut	sample_0001567.nt
sample_0001568.ut	sample_0001568.nt
sample_0001569.ut	sample_0001569.nt
sample_0001570.ut	sample_0001570.nt
sample_0001571.ut	sample_0001571.nt
sample_0001572.ut	sample_0001572.nt
sample_0001573.ut	sample_0001573.nt
sample_0001574.ut	sample_0001574.nt
sample_0001575.ut	sample_0001575.nt
sample_0001576.ut	sample_0001576.nt
sample_0001577.ut	sample_0001577.nt
sample_0001578.ut	sample_0001578.nt
sample_0001579.ut	sample_0001579.nt
sample_0001580.ut	sample_0001580.nt
sample_0001581.ut	sample_0001581.nt
sample_0001582.ut	sample_0001582.nt
sample_0001583.ut	sample_0001583.nt
sample_0001584.ut	sample_0001584.nt
sample_0001585.ut	sample_0001585.nt
sample_0001586.ut	sample_0001586.nt
sample_0001587.ut	sample_0001587.nt
sample_0001588.ut	sample_0001588.nt
sample_0001589.ut	sample_0001589.nt
sample_0001590.ut	sample_0001590.nt
sample_0001591.ut	sample_0001591.nt
sample_0001592.ut	sample_0001592.nt
sample_0001593.ut	sample_0001593.nt
sample_0001594.ut	sample_0001594.nt
sample_0001595.ut	sample_0001595.nt
sample_0001596.ut	sample_0001596.nt
sample_0001597.ut	sample_0001597.nt
sample_0001598.ut	sample_0001598.nt
sample_0001599.ut	sample_0001599.nt
sample_0001600.ut	sample_0001600.nt
sample_0001601.ut	sample_0001601.nt
sample_0001602.ut	sample_0001602.nt
sample_0001603.ut	sample_0001603.nt
sample_0001604.ut	sample_0001604.nt
sample_0001605.ut	sample_0001605.nt
sample_0001606.ut	sample_0001606.nt
sample_0001607.ut	sample_0001607.nt
sample_0001608.ut	sample_0001608.nt
sample_0001609.ut	sample_0001609.nt
sample_0001610.ut	sample_0001610.nt
sample_0001611.ut	sample_0001611.nt
sample_0001612.ut	sample_0001612.nt
sample_0001613.ut	sample_0001613.nt
sample_0001614.ut	sample_0001614.nt
sample_0001615.ut	sample_0001615.nt
sample_0001616.ut	sample_0001616.nt
sample_0001617.ut	sample_0001617.nt
sample_0001618.ut	sample_0001618.nt
sample_0001619.ut	sample_0001619.nt
sample_0001620.ut	sample_0001620.nt
sample_0001621.ut	sample_0001621.nt
sample_0001622.ut	sample_0001622.nt
sample_0001623.ut	sample_0001623.nt
sample_0001624.ut	sample_0001624.nt
sample_0001625.ut	sample_0001625.nt
sample_0001626.ut	sample_0001626.nt
sample_0001627.ut	sample_0001627.nt
sample_0001628.ut	sample_0001628.nt
sample_0001629.ut	sample_0001629.nt
sample_0001630.ut	sample_0001630.nt
sample_0001631.ut	sample_0001631.nt
sample_0001632.ut	sample_0001632.nt
sample_0001633.ut	sample_0001633.nt
sample_0001634.ut	sample_0001634.nt
sample_0001635.ut	sample_0001635.nt
sample_0001636.ut	sample_0001636.nt
sample_0001637.ut	sample_0001637.nt
sample_0001638.ut	sample_0001638.nt
sample_0001639.ut	sample_0001639.nt
sample_0001640.ut	sample_0001640.nt
sample_0001641.ut	sample_0001641.nt
sample_0001642.ut	sample_0001642.nt
sample_0001643.ut	sample_0001643.nt
sample_0001644.ut	sample_0001644.nt
sample_0001645.ut	sample_0001645.nt
sample_0001646.ut	sample_0001646.nt
sample_0001647.ut	sample_0001647.nt
sample_0001648.ut	sample_0001648.nt
sample_0001649.ut	sample_0001649.nt
sample_0001650.ut	sample_0001650.nt
sample_0001651.ut	sample_0001651.nt
sample_0001652.ut	sample_0001652.nt
sample_0001653.ut	sample_0001653.nt
sample_0001654.ut	sample_0001654.nt
sample_0001655.ut	sample_0001655.nt
sample_0001656.ut	sample_0001656.nt
sample_0001657.ut	sample_0001657.nt
sample_0001658.ut	sample_0001658.nt
sample_0001659.ut	sample_0001659.nt
sample_0001660.ut	sample_0001660.nt
sample_0001661.ut	sample_0001661.nt
sample_0001662.ut	sample_0001662.nt
sample_0001663.ut	sample_0001663.nt
sample_0001664.ut	sample_0001664.nt
sample_0001665.ut	sample_0001665.nt
sample_0001666.ut	sample_0001666.nt
sample_0001667.ut	sample_0001667.nt
sample_0001668.ut	sample_0001668.nt
sample_0001669.ut	sample_0001669.nt
sample_0001670.ut	sample_0001670.nt
sample_0001671.ut	sample_0001671.nt
sample_0001672.ut	sample_0001672.nt
sample_0001673.ut	sample_0001673.nt
sample_0001674.ut	sample_0001674.nt
sample_0001675.ut	sample_0001675.nt
sample_0001676.ut	sample_0001676.nt
sample_0001677.ut	sample_0001677.nt
sample_0001678.ut	sample_0001678.nt
sample_0001679.ut	sample_0001679.nt
sample_0001680.ut	sample_0001680.nt
sample_0001681.ut	sample_0001681.nt
sample_0001682.ut	sample_0001682.nt
sample_0001683.ut	sample_0001683.nt
sample_0001684.ut	sample_0001684.nt
sample_0001685.ut	sample_0001685.nt
sample_0001686.ut	sample_0001686.nt
sample_0001687.ut	sample_0001687.nt
sample_0001688.ut	sample_0001688.nt
sample_0001689.ut	sample_0001689.nt
sample_0001690.ut	sample_0001690.nt
sample_0001691.ut	sample_0001691.nt
sample_0001692.ut	sample_0001692.nt
sample_0001693.ut	sample_0001693.nt
sample_0001694.ut	sample_0001694.nt
sample_0001695.ut	sample_0001695.nt
sample_0001696.ut	sample_0001696.nt
sample_0001697.ut	sample_0001697.nt
sample_0001698.ut	sample_0001698.nt
sample_0001699.ut	sample_0001699.nt
sample_0001700.ut	sample_0001700.nt
sample_0001701.ut	sample_0001701.nt
sample_0001702.ut	sample_0001702.nt
sample_0001703.ut	sample_0001703.nt
sample_0001704.ut	sample_0001704.nt
sample_0001705.ut	sample_0001705.nt
sample_0001706.ut	sample_0001706.nt
sample_0001707.ut	sample_0001707.nt
sample_0001708.ut	sample_0001708.nt
sample_0001709.ut	sample_0001709.nt
sample_0001710.ut	sample_0001710.nt
sample_0001711.ut	sample_0001711.nt
sample_0001712.ut	sample_0001712.nt
sample_0001713.ut	sample_0001713.nt
sample_0001714.ut	sample_0001714.nt
sample_0001715.ut	sample_0001715.nt
sample_0001716.ut	sample_0001716.nt
sample_0001717.ut	sample_0001717.nt
sample_0001718.ut	sample_0001718.nt
sample_0001719.ut	sample_0001719.nt
sample_0001720.ut	sample_0001720.nt
sample_0001721.ut	sample_0001721.nt
sample_0001722.ut	sample_0001722.nt
sample_0001723.ut	sample_0001723.nt
sample_0001724.ut	sample_0001724.nt
sample_0001725.ut	sample_0001725.nt
sample_0001726.ut	sample_0001726.nt
sample_0001727.ut	sample_0001727.nt
sample_0001728.ut	sample_0001728.nt
sample_0001729.ut	sample_0001729.nt
sample_0001730.ut	sample_0001730.nt
sample_0001731.ut	sample_0001731.nt
sample_0001732.ut	sample_0001732.nt
sample_0001733.ut	sample_0001733.nt
sample_0001734.ut	sample_0001734.nt
sample_0001735.ut	sample_0001735.nt
sample_0001736.ut	sample_0001736.nt
sample_0001737.ut	sample_0001737.nt
sample_0001738.ut	sample_0001738.nt
sample_0001739.ut	sample_0001739.nt
sample_0001740.ut	sample_0001740.nt
sample_0001741.ut	sample_0001741.nt
sample_0001742.ut	sample_0001742.nt
sample_0001743.ut	sample_0001743.nt
sample_0001744.ut	sample_0001744.nt
sample_0001745.ut	sample_0001745.nt
sample_0001746.ut	sample_0001746.nt
sample_0001747.ut	sample_0001747.nt
sample_0001748.ut	sample_0001748.nt
sample_0001749.ut	sample_0001749.nt
